gear,aayla_secura,admiral_ackbar,ahsoka_tano,ahsoka_tano_fulcrum,asajj_ventress,b2_super_battle_droid,barriss_offee,baze_malbus,biggs_darklighter,bistan,boba_fett,bodhi_rook,cad_bane,captain_phasma,cassian_andor,cc_2224_cody,chief_chirpa,chief_nebit,chirrut_imwe,chopper,clone_sergeant_phase_i,clone_wars_chewbacca,coruscant_underworld_police,count_dooku,ct_21_0408_echo,ct_5555_fives,ct_7567_rex,darth_maul,darth_nihilus,darth_sidious,darth_vader,dathcha,death_trooper,dengar,director_krennic,eeth_koth,emperor_palpatine,ewok_elder,ewok_scout,ezra_bridger,finn,first_order_officer,first_order_stormtrooper,first_order_tie_pilot,gamorrean_guard,gar_saxon,garazeb_zeb_orrelios,general_grievous,general_kenobi,general_veers,geonosian_soldier,geonosian_spy,grand_admiral_thrawn,grand_master_yoda,grand_moff_tarkin,greedo,han_solo,hera_syndulla,hk_47,hoth_rebel_scout,hoth_rebel_soldier,ig_100_magnaguard,ig_86_sentinel_droid,ig_88,ima_gun_di,imperial_super_commando,jawa,jawa_engineer,jawa_scavenger,jedi_consular,jedi_knight_anakin,jedi_knight_guardian,jyn_erso,k_2so,kanan_jarrus,kit_fisto,kylo_ren,lando_calrissian,lobot,luke_skywalker,luminara_unduli,mace_windu,magmatrooper,mob_enforcer,nightsister_acolyte,nightsister_initiate,nute_gunray,obi_wan_kenobi_old_ben,old_daka,pao,plo_koon,poe_dameron,poggle_the_lesser,princess_leia,qui_gon_jinn,r2_d2,resistance_pilot,resistance_trooper,rey,royal_guard,sabine_wren,savage_opress,scarif_rebel_pathfinder
Mk 5 BAW Armor Mod,0,0,1,1,0,0,0,0,1,1,0,0,1,0,0,3,0,0,1,0,0,1,1,0,0,0,0,1,0,0,0,0,1,0,0,0,0,0,0,1,0,0,0,0,0,0,0,2,0,1,0,0,0,0,1,0,1,0,0,0,2,0,0,1,0,0,1,1,0,0,0,0,1,0,1,1,1,0,0,2,0,0,1,0,0,1,1,0,0,1,0,0,0,0,0,0,0,0,0,0,0,0,0
Mk 5 TaggeCo Holo Lens,0,0,1,0,0,1,0,2,0,0,0,0,0,2,0,0,0,0,0,0,0,1,0,0,0,3,0,0,1,0,1,0,0,1,0,0,0,0,0,0,1,0,2,0,0,1,0,0,2,0,0,0,0,0,0,0,0,1,0,0,0,0,0,0,0,0,0,0,0,0,0,0,0,1,1,1,2,0,0,0,0,0,1,0,0,2,0,1,0,0,0,0,0,0,0,0,0,0,0,0,0,0,1
Mk 1 Chiewab Hypo Syringe,1,0,0,0,0,0,1,1,0,0,0,0,0,1,0,0,0,1,0,1,1,1,0,0,0,2,0,0,0,0,1,0,1,1,0,0,0,0,0,0,0,0,1,0,2,1,1,0,1,0,0,0,0,0,0,0,0,0,1,1,0,1,0,0,1,1,0,0,0,0,1,1,0,1,1,2,2,1,0,0,0,0,1,0,0,2,0,0,0,0,0,0,0,0,0,0,0,0,0,1,0,1,1
Mk 1 Arakyd Droid Caller,0,1,0,0,0,2,0,1,0,0,0,0,0,1,0,0,1,1,0,0,0,0,3,0,0,0,1,0,0,1,1,0,0,0,0,1,0,2,1,0,1,0,2,0,1,0,0,0,1,1,0,0,0,0,1,1,0,1,0,0,0,0,0,1,1,0,0,0,0,0,0,0,0,0,1,0,0,1,1,0,1,1,0,0,1,0,0,1,1,0,1,1,0,0,0,0,0,1,0,0,0,0,1
Mk 1 TaggeCo Holo Lens,2,0,0,0,0,0,0,0,0,1,0,0,1,0,0,1,1,1,0,1,1,0,0,1,0,1,1,1,0,2,0,1,0,0,0,1,0,2,1,0,0,2,1,1,0,0,0,0,0,1,1,1,1,1,0,0,1,1,2,1,1,1,0,0,0,0,1,1,0,1,2,0,2,0,0,0,0,1,1,1,1,0,0,0,1,1,1,0,1,0,0,0,1,1,1,0,0,1,1,0,1,0,1
Mk 6 TaggeCo Holo Lens,0,0,0,0,0,2,1,1,1,0,0,0,0,1,0,1,0,0,2,0,0,1,3,0,0,1,0,0,0,0,1,0,0,1,0,0,0,0,0,0,1,0,3,0,0,2,1,0,1,0,0,0,0,0,0,0,0,1,1,1,0,1,0,0,1,0,0,0,0,0,0,1,0,1,0,1,0,0,0,0,1,0,1,1,0,1,0,2,1,1,1,0,0,0,0,0,1,0,0,2,0,1,0
Mk 2 Sienar Holo Projector,0,0,0,2,2,0,0,0,1,1,2,0,1,2,2,2,0,0,0,1,1,0,1,3,0,0,0,1,0,2,0,0,0,0,0,0,0,1,4,1,0,2,0,2,0,0,0,2,0,0,1,1,0,0,0,0,0,0,1,0,0,0,2,2,0,0,1,1,0,1,0,0,1,1,0,0,0,1,0,2,1,0,0,1,0,0,2,0,0,1,0,0,0,1,0,0,1,0,2,0,2,0,0
Mk 8 TaggeCo Holo Lens,2,1,0,1,0,1,0,2,2,0,0,1,1,2,2,1,2,0,0,1,0,1,0,3,1,0,2,0,1,0,1,2,3,1,3,0,1,0,0,2,0,2,1,1,1,0,2,0,0,0,1,0,1,2,2,1,0,1,2,1,2,1,3,2,1,2,2,2,1,0,2,1,0,1,2,1,1,2,1,2,1,1,1,1,1,0,0,0,1,3,1,0,2,1,2,1,2,2,0,1,2,2,2
Mk 5 Carbanti Sensor Array,0,0,0,0,0,0,0,0,0,0,0,0,0,0,1,0,0,0,0,0,0,1,0,0,1,0,0,0,2,0,0,1,0,0,0,1,2,0,0,0,0,0,0,0,0,0,0,0,0,0,0,0,0,0,1,0,0,0,0,0,0,0,0,0,0,0,0,0,0,0,0,0,0,0,0,0,0,0,0,0,0,0,0,1,2,0,0,0,1,0,0,0,1,0,1,0,0,0,0,0,0,0,0
Mk 7 TaggeCo Holo Lens,1,0,0,0,0,0,2,1,0,1,0,0,0,1,0,0,0,0,0,0,0,1,0,0,0,0,1,0,0,0,2,0,1,2,1,0,0,0,0,0,0,1,0,0,0,0,1,0,0,1,0,2,1,0,0,0,2,0,1,0,1,0,1,0,1,0,0,0,0,0,1,0,1,0,1,3,1,0,0,0,0,0,2,1,0,3,0,0,0,0,0,0,0,0,0,0,0,1,0,1,0,1,0
Mk 4 A/KT Stun Gun,0,1,0,0,1,0,0,0,0,0,0,2,0,0,0,0,2,0,0,1,0,1,0,0,2,0,1,0,2,0,0,0,0,0,0,0,3,0,0,0,0,0,0,0,0,1,0,0,0,2,0,0,4,2,0,0,0,4,0,0,1,0,0,1,0,0,1,1,1,0,0,0,0,0,0,0,0,0,2,0,0,2,0,0,2,0,0,0,0,0,1,0,2,0,4,3,0,0,0,0,0,0,0
Mk 3 A/KT Stun Gun,0,0,0,0,0,0,0,0,0,0,0,0,0,0,1,0,0,0,0,0,0,0,0,2,1,0,1,0,0,1,2,1,0,0,1,0,1,0,0,0,0,2,0,1,0,0,0,0,0,0,0,0,0,0,0,0,0,0,0,0,0,0,0,0,0,0,0,0,0,0,0,0,0,0,0,0,0,0,1,0,0,0,0,0,1,0,1,0,1,0,1,0,1,0,1,0,0,1,0,0,0,0,0
Mk 1 Chedak Comlink,1,0,1,0,1,1,0,0,0,0,1,1,1,0,1,0,0,0,0,0,0,0,1,0,1,0,1,0,0,0,0,0,0,0,0,0,0,0,0,0,1,0,0,0,0,0,0,1,0,0,1,1,0,0,2,1,0,0,0,1,0,1,0,0,0,0,1,1,0,0,1,0,0,0,0,1,1,1,0,0,2,0,0,1,0,0,1,0,0,0,0,0,0,0,0,0,0,1,0,0,0,0,0
Mk 7 Nubian Security Scanner,0,1,1,2,0,2,1,1,2,0,1,0,1,0,1,1,1,0,0,1,1,1,0,1,1,1,0,0,1,2,0,2,0,1,0,2,1,0,1,0,2,0,1,0,2,1,1,1,0,3,0,1,0,1,1,0,1,0,1,0,1,2,1,0,1,1,0,0,1,0,0,1,0,0,1,1,1,1,1,0,2,1,2,1,1,1,3,1,2,1,1,0,1,2,2,1,2,0,0,2,0,1,1
Mk 2 Nubian Security Scanner,0,0,1,1,1,0,0,0,1,1,1,0,0,0,0,1,1,0,1,0,1,0,1,2,0,0,0,2,0,2,0,0,0,0,0,0,0,2,2,1,0,1,0,1,0,0,0,1,0,0,1,0,0,0,0,0,1,0,0,0,0,0,1,2,0,0,0,0,1,0,0,0,1,0,0,0,0,3,0,2,1,0,0,0,0,0,0,0,0,1,0,1,0,1,0,0,1,0,1,0,1,0,0
Mk 2 A/KT Stun Gun,0,0,1,0,1,0,0,0,0,0,0,0,0,0,0,0,0,0,0,0,2,0,0,0,0,0,0,0,0,0,0,0,0,0,0,0,0,0,0,0,0,0,0,0,0,0,0,0,0,0,0,0,0,0,0,0,0,0,0,1,0,0,0,0,0,0,0,0,0,1,0,0,0,0,0,1,0,0,0,0,0,0,0,0,0,2,0,0,0,0,0,0,0,0,0,0,0,0,0,0,0,0,0
Mk 4 Athakam Medpac,0,0,1,1,0,0,0,0,1,0,0,0,1,0,0,0,0,0,0,0,0,0,0,2,0,0,1,0,0,0,0,0,0,0,0,0,0,0,0,0,0,1,0,0,0,0,0,0,0,0,0,1,0,0,0,0,0,0,0,1,0,0,0,2,0,0,0,0,0,0,0,0,0,0,0,0,0,1,0,0,0,0,0,0,1,0,0,0,0,1,0,0,0,0,0,0,0,1,0,0,0,1,0
Mk 2 Carbanti Sensor Array,0,1,0,0,1,1,1,0,1,0,0,1,0,0,0,0,1,0,0,0,0,0,0,0,1,0,0,0,2,0,0,1,0,0,1,1,1,0,0,0,0,0,0,0,0,0,0,0,0,0,0,0,2,1,1,0,0,0,0,0,0,2,0,0,0,0,1,1,1,1,0,0,0,0,0,0,0,0,0,0,0,0,0,0,2,0,0,1,0,0,0,1,2,0,1,1,0,0,0,0,0,1,0
Mk 2 Athakam Medpac,0,0,1,0,1,0,0,2,1,1,1,0,1,0,1,0,0,0,2,0,2,0,0,0,0,1,1,1,0,0,0,0,1,0,0,0,0,2,2,3,0,0,1,3,0,0,0,0,1,0,2,0,0,0,0,0,0,0,2,1,1,0,0,1,0,1,0,0,0,1,0,0,2,2,2,2,1,1,0,1,0,0,2,1,0,1,2,0,0,2,0,0,0,2,0,1,0,2,1,0,1,0,0
Mk 1 Neuro-Saav Electrobinoculars,3,3,0,1,0,0,0,1,1,1,2,1,2,2,1,1,1,1,1,1,1,2,1,1,1,1,0,2,1,1,0,1,1,1,3,1,2,1,2,1,1,1,0,1,1,1,1,1,1,1,1,1,1,2,2,2,1,1,1,2,2,1,2,1,1,1,2,2,2,1,3,1,1,1,1,1,2,1,1,1,1,2,1,2,1,1,2,2,1,1,0,1,1,2,1,1,1,0,1,0,1,0,1
Mk 3 Chiewab Hypo Syringe,1,2,0,0,0,0,0,2,2,2,2,4,1,3,3,1,2,0,0,2,0,0,1,0,1,0,1,0,3,0,0,2,1,1,4,2,7,0,0,3,0,1,0,0,1,1,1,0,0,4,0,1,2,5,1,3,1,1,1,2,0,1,0,0,0,1,1,1,2,1,1,3,0,3,1,0,0,1,2,0,0,1,1,3,2,0,0,0,1,1,0,0,3,0,2,5,0,1,0,0,4,0,4
Mk 4 Arakyd Droid Caller,1,3,0,1,0,2,0,0,2,0,1,1,3,0,1,1,3,1,1,1,3,2,1,0,6,0,1,2,0,0,0,0,1,3,0,0,0,1,0,2,1,1,0,1,3,2,1,2,2,1,1,3,0,0,1,2,1,1,1,1,0,2,0,2,1,2,3,3,1,1,0,2,1,1,0,0,1,0,0,1,2,0,0,0,0,1,0,0,0,1,0,0,0,2,1,1,2,0,1,1,1,2,0
Mk 3 Merr-Sonn Thermal Detonator,0,2,0,0,1,0,0,0,0,0,0,1,0,0,0,2,0,0,0,0,0,0,0,0,0,0,1,0,3,0,0,0,0,0,1,3,1,0,0,0,0,0,0,0,0,0,0,0,0,0,0,0,0,2,1,0,0,0,0,1,0,0,0,0,1,0,1,1,0,1,0,0,0,0,0,0,0,1,4,0,0,0,0,0,1,0,0,0,0,0,1,0,1,0,2,0,0,2,0,0,0,0,0
Mk 3 Nubian Security Scanner,2,1,0,0,1,0,0,0,0,0,1,1,0,0,0,0,0,0,0,0,0,0,1,0,0,0,0,0,0,0,0,0,0,0,0,3,0,0,0,0,0,0,0,1,0,0,0,0,0,1,0,1,0,1,0,0,0,1,1,1,0,0,1,0,0,0,1,1,0,0,2,0,0,0,0,0,0,0,0,0,0,0,0,1,0,1,1,0,1,0,0,0,0,0,0,0,1,0,0,0,1,1,0
Mk 5 BioTech Implant,1,0,1,1,1,0,0,0,2,1,1,0,3,0,1,1,0,0,3,1,0,0,2,0,0,0,1,1,0,0,0,1,1,0,0,0,0,2,2,2,0,2,0,5,0,0,2,1,0,0,3,1,0,0,0,1,2,0,0,0,0,0,1,1,0,1,1,1,0,0,1,0,1,0,1,1,0,3,0,2,0,0,0,0,0,0,2,0,0,3,0,0,0,2,0,0,3,1,1,0,2,0,0
Mk 2 BlasTech Weapon Mod,0,0,1,0,0,0,1,0,1,0,0,0,0,0,0,1,1,0,0,0,0,1,0,0,0,0,1,1,0,0,1,0,0,0,0,0,0,0,0,0,0,0,0,2,0,0,0,1,0,0,2,0,0,0,2,1,0,0,0,0,2,0,2,0,1,0,0,0,0,1,0,0,0,0,0,0,1,0,0,0,1,0,0,0,0,0,1,0,0,0,0,0,0,0,0,0,0,1,1,1,0,0,0
Mk 3 SoroSuub Keypad,0,0,2,0,3,1,0,1,0,0,1,0,1,1,0,0,0,0,0,0,1,1,0,0,0,0,0,0,0,0,0,1,0,0,0,0,0,0,0,0,1,0,0,0,0,1,0,0,1,1,0,0,0,0,0,0,0,0,0,0,0,0,0,1,1,0,0,0,0,0,0,0,0,0,0,0,1,1,0,0,0,0,0,0,0,2,0,0,0,0,0,1,0,0,0,0,1,0,0,0,0,0,1
Mk 7 BioTech Implant,0,1,0,0,1,0,0,0,0,0,0,1,0,0,0,0,1,0,0,1,0,0,0,0,0,0,0,0,1,0,0,1,0,0,0,0,0,0,0,0,0,0,1,0,0,1,0,0,0,1,0,0,0,1,1,0,0,0,0,0,0,0,0,0,0,1,2,2,1,0,0,0,0,0,0,0,0,0,1,0,0,1,0,0,0,0,0,1,0,0,1,0,0,0,0,0,0,0,0,0,0,0,0
Mk 2 Chedak Comlink,0,0,1,0,0,0,1,0,0,0,1,0,0,1,0,0,0,0,2,0,1,0,0,0,0,0,1,0,0,0,0,1,0,0,0,2,0,1,1,0,0,1,0,1,0,0,0,1,0,0,2,2,0,1,0,0,1,0,0,0,0,0,0,0,1,0,1,1,0,2,0,0,0,0,0,0,0,1,0,0,1,0,0,1,0,0,1,0,0,1,1,2,0,1,0,0,0,1,2,0,0,0,0
MK 7 BlasTech Weapon Mod,1,2,0,0,0,0,0,0,1,1,0,2,0,1,0,1,2,0,0,2,1,0,0,2,0,0,0,0,0,1,0,2,0,0,0,0,0,0,0,0,0,1,0,0,0,0,0,0,0,4,0,0,0,1,1,2,0,0,0,1,1,0,0,2,1,0,2,2,1,1,1,0,0,0,0,1,0,0,0,0,0,2,0,1,3,0,0,0,2,0,1,0,2,0,1,2,0,0,1,0,0,0,0
Mk 1 Fabritech Data Pad,0,0,0,0,0,2,3,1,1,0,0,1,0,0,0,0,0,1,0,0,0,0,0,0,0,2,1,0,0,1,1,1,0,1,0,0,0,1,1,0,1,0,1,1,1,0,0,0,1,0,1,0,0,0,0,0,0,0,0,0,0,2,0,0,0,1,0,0,0,1,0,1,0,1,1,0,0,1,1,1,0,0,0,0,0,0,0,1,0,0,1,2,0,0,0,0,1,1,0,1,0,1,1
Mk 6 BioTech Implant,0,0,0,0,0,2,1,0,1,0,1,1,0,4,0,0,1,0,0,1,0,0,3,0,0,0,2,0,0,0,1,0,0,1,0,0,0,0,0,0,1,0,1,0,0,1,0,0,1,0,0,0,0,0,2,0,0,2,1,0,1,1,0,1,0,0,0,0,1,1,0,0,0,0,0,0,0,0,0,0,0,3,0,0,0,0,0,2,1,0,1,0,0,0,0,0,0,2,0,2,0,0,1
Mk 2 Merr-Sonn Shield Generator,1,1,0,0,0,3,2,2,0,2,0,1,0,0,0,1,2,2,1,1,2,3,1,1,2,0,1,0,0,1,1,0,0,2,0,0,3,1,0,1,0,0,2,0,2,1,1,0,3,1,1,2,0,0,2,2,2,4,1,1,1,4,1,1,0,1,0,0,3,0,1,1,0,1,1,1,0,0,0,0,2,1,0,1,0,0,0,2,2,2,1,0,1,1,1,0,1,1,1,0,1,1,1
Mk 1 Nubian Design Tech,0,0,0,0,0,0,0,0,0,0,1,0,0,0,1,0,0,0,0,0,0,0,0,2,0,0,0,0,1,1,0,0,0,0,1,0,2,0,0,0,0,1,0,0,0,0,0,0,0,0,0,0,0,2,0,0,0,0,0,1,0,0,0,1,0,0,0,0,0,0,0,0,0,0,0,0,0,1,0,0,0,1,0,0,2,0,0,0,0,0,0,0,2,0,0,0,0,0,0,0,0,0,0
Mk 6 Merr-Sonn Shield Generator,2,2,0,1,0,0,0,0,0,0,0,0,1,0,2,0,0,1,0,1,0,0,1,0,1,0,0,0,0,0,0,0,0,0,0,0,0,1,0,0,0,0,0,0,0,1,0,0,1,0,1,0,1,1,0,0,0,0,0,1,1,0,0,0,1,2,0,0,0,0,1,0,0,1,0,0,1,0,1,0,2,1,1,0,0,0,0,1,1,0,1,0,2,1,0,2,1,0,0,0,0,0,0
Mk 8 BioTech Implant,1,2,4,1,3,1,0,3,0,1,1,0,2,0,3,2,2,2,1,3,3,0,3,3,2,0,0,3,1,2,3,3,1,2,0,2,0,0,0,3,1,1,0,1,0,1,1,1,0,0,1,2,1,2,0,1,4,0,1,0,1,0,2,3,2,0,2,1,0,2,0,1,1,1,1,0,1,0,0,0,0,0,0,1,0,2,1,0,0,0,0,1,0,2,0,1,1,1,2,0,3,1,1
Mk 5 CEC Fusion Furnace,1,0,1,1,1,0,0,0,1,1,3,0,1,1,0,3,0,0,1,1,3,0,2,1,1,0,2,3,0,3,0,0,1,1,1,0,0,1,1,1,0,1,1,3,0,0,1,2,0,0,0,2,0,0,0,1,3,0,1,1,0,0,2,2,0,1,0,0,0,2,2,0,1,0,1,1,0,2,0,2,1,0,0,0,0,0,2,0,0,1,0,2,0,2,0,0,2,2,2,0,1,0,0
Mk 8 Fabritech Data Pad,0,1,2,0,2,0,0,0,1,0,0,0,1,1,0,1,2,0,0,0,0,0,0,1,1,0,1,0,0,1,0,0,0,0,0,0,0,1,1,0,0,1,0,0,0,0,0,1,0,1,1,1,0,0,0,1,0,0,0,1,0,1,0,2,0,0,0,0,1,0,0,0,1,0,0,0,0,1,0,1,1,0,0,0,0,0,1,0,1,1,0,2,0,1,0,0,1,1,1,0,0,1,0
Mk 1 Carbanti Sensor Array,0,0,0,0,1,0,0,0,0,0,0,0,0,0,0,0,0,0,0,0,2,0,0,0,0,1,1,0,0,0,1,0,1,0,1,0,0,1,0,0,1,0,1,1,0,0,0,0,0,0,3,0,1,0,1,0,0,0,0,0,0,0,0,0,0,0,0,0,0,2,1,0,1,0,0,0,0,1,0,1,2,0,0,0,0,2,0,0,0,0,0,0,1,0,0,0,1,1,0,1,0,0,0
Mk 2 Fabritech Data Pad,0,0,0,0,0,2,0,1,0,0,0,0,0,0,0,0,0,1,0,0,0,0,0,0,0,2,0,0,0,0,1,0,0,1,0,0,0,0,2,0,1,0,1,0,0,0,0,0,0,1,0,0,0,0,0,0,0,1,0,0,0,0,1,0,1,0,0,0,0,1,0,0,0,0,0,0,0,0,0,0,0,1,1,0,0,0,0,2,0,0,0,0,0,0,0,0,0,0,0,0,0,0,1
Mk 6 BAW Armor Mod,2,0,2,1,1,0,0,0,0,0,2,0,2,0,2,0,0,0,0,0,1,1,2,0,0,0,0,1,0,0,1,1,1,1,0,0,0,0,0,0,0,0,0,1,0,1,2,1,0,1,1,1,0,0,0,0,1,0,0,1,1,2,1,0,1,1,0,0,1,1,2,2,0,0,0,0,1,0,0,0,0,0,0,0,0,0,0,0,0,1,0,0,0,1,0,0,0,0,1,0,0,1,0
Mk 4 Loronar Power Cell,2,2,0,1,0,0,0,0,1,0,0,0,0,0,0,0,0,0,0,0,2,0,0,0,0,1,0,0,0,0,1,2,0,0,0,0,0,1,0,0,1,0,1,0,0,0,0,0,0,1,2,0,0,0,1,1,0,0,0,1,1,0,0,0,0,0,0,0,0,2,2,0,1,0,0,0,0,0,1,1,2,1,1,1,1,0,0,0,0,0,1,0,0,0,0,0,0,0,1,3,0,0,0
Mk 3 Carbanti Sensor Array,2,0,0,2,0,0,1,4,0,2,0,2,0,1,2,0,1,2,2,0,0,4,0,0,1,3,1,0,1,0,0,0,1,5,1,0,0,0,0,2,2,0,5,1,4,2,3,0,5,0,0,1,5,0,0,1,0,0,2,1,3,2,0,0,2,1,0,0,0,0,2,5,1,2,3,2,3,1,0,1,0,0,3,0,0,4,0,3,0,0,0,0,0,0,0,1,3,1,1,3,2,2,4
Mk 1 BioTech Implant,0,2,0,1,2,0,0,0,0,0,0,1,0,0,2,0,3,0,0,1,0,0,0,0,2,0,0,0,2,0,0,1,0,0,1,2,2,0,1,0,0,1,0,0,0,0,0,0,0,2,0,0,1,2,1,1,0,1,0,0,0,0,0,0,0,0,2,2,2,1,0,0,0,0,0,0,0,0,2,0,0,2,0,0,2,0,0,0,1,0,2,0,3,0,3,2,0,0,0,0,0,0,0
Mk 4 BAW Armor Mod,0,0,0,0,0,0,1,0,0,0,0,0,0,1,1,0,0,0,0,1,0,0,0,0,0,0,0,0,2,0,4,0,0,1,0,0,0,0,0,1,2,0,2,0,0,0,3,0,2,0,0,0,4,0,0,0,0,2,1,1,2,1,0,0,1,1,0,0,0,0,0,1,1,1,2,1,1,1,0,0,0,0,3,0,0,2,0,1,0,1,0,0,0,0,0,0,0,0,0,0,0,2,1
Mk 6 Neuro-Saav Electrobinoculars,0,1,0,0,0,1,0,0,2,0,1,2,2,0,0,0,0,0,1,0,1,1,1,0,0,0,1,0,0,0,0,0,0,1,0,0,0,0,0,0,0,0,1,0,2,1,0,2,0,0,0,1,0,0,1,1,0,0,2,1,1,0,1,1,0,1,0,0,0,0,0,0,1,0,0,1,2,0,0,0,1,0,0,2,0,0,2,0,0,1,0,0,0,0,0,0,0,1,1,0,1,1,0
Mk 4 SoroSuub Keypad,2,1,0,3,0,1,0,2,1,0,0,2,1,0,1,3,0,0,1,1,1,2,0,0,0,0,2,0,0,2,0,3,2,1,1,1,0,1,1,1,2,1,0,1,1,2,0,2,1,1,0,1,1,1,2,2,0,1,2,1,2,1,2,1,2,3,1,1,0,0,2,1,3,1,1,0,1,1,0,1,1,1,0,0,0,2,1,0,0,0,0,1,0,2,1,0,1,1,0,1,0,1,3
Mk 10 BlasTech Weapon Mod,0,0,0,0,0,0,0,1,0,0,0,0,0,2,0,0,0,0,0,0,0,0,0,0,0,0,0,0,0,1,0,0,1,2,0,1,0,0,2,0,0,1,0,0,0,1,2,0,0,0,0,0,0,0,0,0,0,0,0,1,0,1,0,0,0,0,0,0,0,0,0,0,0,0,2,0,1,0,0,0,1,0,0,1,0,0,0,1,0,1,2,0,1,0,0,0,0,0,0,0,0,1,0
Mk 4 CEC Fusion Furnace,0,0,0,1,0,0,0,0,0,1,0,1,0,0,1,0,0,0,1,0,0,0,0,0,1,0,1,0,0,0,0,1,0,0,0,1,0,0,0,1,0,0,0,0,0,0,0,0,1,1,0,0,0,1,0,0,2,2,0,1,0,0,0,0,0,0,0,0,1,0,0,0,1,1,0,1,0,1,1,0,0,0,0,0,2,0,1,0,0,1,0,0,1,0,0,0,0,0,1,0,0,0,0
Mk 4 BioTech Implant,0,0,4,0,4,0,1,0,0,0,0,0,0,0,0,0,0,0,0,0,0,0,0,0,0,0,0,2,0,0,0,1,0,1,0,0,0,1,0,0,0,0,0,0,0,0,0,0,0,0,0,0,0,0,1,1,1,0,0,0,0,0,0,0,0,0,1,1,1,0,0,1,0,0,0,1,0,1,0,2,1,0,0,0,0,0,1,0,0,0,0,0,0,0,0,0,0,0,1,0,0,2,0
Mk 2 TaggeCo Holo Lens,0,0,0,0,0,0,0,0,0,0,0,0,0,0,0,0,0,0,0,1,0,0,0,0,0,1,0,0,0,0,2,0,0,0,0,0,0,0,0,0,0,0,0,0,1,0,0,0,1,0,0,0,1,0,0,0,0,1,0,0,0,0,0,0,0,1,0,0,0,0,0,0,0,0,1,1,1,0,0,0,0,0,2,0,0,2,0,1,0,0,0,0,0,0,0,0,0,0,0,1,0,3,0
Mk 1 Czerka Stun Cuffs,0,0,0,0,0,0,0,0,0,0,0,1,0,0,0,0,1,0,0,0,0,0,0,0,1,0,0,0,0,0,0,1,0,0,0,0,1,0,0,0,0,0,0,0,0,0,0,0,0,3,0,0,1,1,1,1,0,1,0,0,0,0,0,0,0,0,0,0,1,0,0,0,0,0,0,0,0,0,2,0,0,2,0,1,0,0,0,0,2,0,0,0,0,0,1,2,0,0,0,0,0,0,0
Mk 5 Fabritech Data Pad,0,0,0,0,0,0,0,1,0,0,0,0,0,2,0,0,0,0,1,0,0,0,0,0,0,0,0,0,0,0,0,0,0,0,0,0,0,0,0,0,1,1,0,0,0,0,0,0,1,0,0,0,0,2,0,0,3,1,0,0,0,0,0,0,0,0,0,0,0,0,0,0,0,0,1,0,0,0,0,0,1,0,0,0,0,1,0,0,0,0,0,1,0,1,0,0,0,0,1,0,0,1,0
Mk 5 SoroSuub Keypad,0,0,2,2,0,0,0,0,1,0,0,1,0,0,0,0,0,1,1,2,0,2,1,0,0,0,2,2,0,1,1,0,3,2,1,0,0,0,0,0,0,1,0,0,0,1,2,0,0,1,0,1,0,0,0,2,6,0,0,0,0,1,1,1,1,2,0,0,0,0,0,1,0,0,1,0,1,0,0,0,0,0,1,0,0,0,0,0,0,0,0,0,0,1,0,0,0,2,0,0,2,3,0
Mk 3 Czerka Stun Cuffs,1,0,0,1,0,0,0,1,0,2,0,2,3,0,0,2,3,0,3,2,0,1,1,1,0,1,1,3,0,0,0,0,1,1,1,0,0,0,0,1,0,0,1,0,1,1,1,2,2,2,1,2,0,0,1,4,0,0,0,1,1,3,2,0,1,2,3,3,4,0,1,0,1,2,1,0,0,0,0,0,0,0,4,1,0,2,1,1,0,2,2,0,0,1,1,0,2,1,1,1,1,0,0
Mk 4 Carbanti Sensor Array,0,0,0,0,0,0,0,0,0,0,0,0,0,1,0,0,0,0,2,0,0,1,0,0,0,0,0,1,0,0,0,0,0,1,0,1,0,0,0,0,0,1,0,0,1,1,0,1,1,0,0,0,0,0,0,0,1,0,0,0,0,0,0,0,0,0,0,0,0,0,0,1,0,0,0,0,0,0,0,0,0,0,0,0,0,0,0,0,0,0,1,0,0,0,0,0,0,0,0,0,0,0,0
Mk 1 Merr-Sonn Shield Generator,0,0,1,0,1,0,3,0,0,0,1,0,1,0,1,1,1,0,0,1,0,1,1,1,1,1,0,0,0,0,0,1,1,0,1,0,0,1,1,1,0,0,0,0,0,1,1,0,1,1,1,1,0,0,1,1,0,1,1,0,2,0,0,0,0,0,1,1,1,1,0,1,1,1,0,0,1,1,1,0,1,0,1,0,1,0,1,0,1,0,0,1,2,1,0,1,0,0,0,0,0,0,1
Mk 6 Chiewab Hypo Syringe,1,1,0,1,2,0,0,0,3,3,3,1,3,0,0,4,0,0,3,3,1,2,1,3,2,0,1,2,0,2,0,0,2,0,2,0,0,0,2,2,0,0,0,0,0,1,1,3,0,0,1,4,0,0,0,3,0,0,0,2,0,1,0,1,0,2,0,0,0,0,1,0,1,0,1,1,0,1,0,2,2,0,0,1,0,0,1,0,0,3,0,2,0,2,0,0,0,1,3,0,2,0,0
Mk 6 BlasTech Weapon Mod,1,0,0,0,1,0,0,0,0,0,0,1,0,2,0,0,2,1,1,0,1,0,0,0,0,1,0,1,0,3,1,1,1,0,0,0,0,1,1,0,2,0,0,0,0,1,1,0,0,0,0,0,0,0,0,0,1,0,0,0,0,0,0,2,0,1,0,0,1,1,1,0,0,0,0,0,0,1,0,0,0,0,0,0,0,0,1,1,0,0,0,0,0,0,0,0,0,0,1,0,1,0,1
Mk 4 Chedak Comlink,1,1,0,0,0,0,1,0,1,1,1,0,0,0,0,0,0,0,1,0,1,0,0,0,0,0,1,0,0,0,1,0,0,0,0,0,0,0,0,0,0,0,1,1,0,1,0,1,1,0,0,0,0,0,0,1,0,0,1,0,1,0,1,0,0,0,0,0,0,1,2,0,0,0,0,1,1,1,0,1,0,0,0,1,0,1,0,0,0,0,1,0,0,0,0,0,1,1,0,0,0,1,0
Mk 4 TaggeCo Holo Lens,0,1,0,0,0,0,0,0,0,0,0,0,0,0,0,2,0,0,0,1,0,1,1,0,1,0,0,0,1,1,1,0,0,0,1,0,0,0,1,0,0,0,0,0,0,0,0,0,0,0,0,0,0,0,0,0,0,0,0,1,2,0,0,0,1,0,0,0,0,1,0,0,0,0,0,0,0,1,1,0,0,2,0,2,1,0,0,0,0,0,1,0,1,0,0,0,0,0,0,0,0,0,0
Mk 2 Nubian Design Tech,0,0,0,0,0,0,0,0,0,0,0,0,0,0,0,0,0,0,0,0,0,0,0,1,0,1,0,0,0,0,0,0,0,0,0,0,0,1,2,0,0,0,0,0,0,0,0,0,0,0,0,0,0,0,0,0,0,1,0,0,0,0,0,0,0,0,0,0,0,0,0,0,0,0,0,0,0,0,0,0,1,0,0,0,0,1,1,0,1,0,0,0,0,0,0,0,0,0,0,0,0,0,0
Mk 3 TaggeCo Holo Lens,0,0,0,1,0,1,0,0,0,1,0,0,1,1,0,1,0,0,0,1,1,0,0,1,0,0,1,1,0,1,0,1,0,0,0,2,0,2,0,0,0,2,0,0,0,0,0,1,0,1,0,0,2,0,1,1,0,1,0,1,1,1,1,0,1,1,0,0,0,0,0,0,0,0,0,0,0,0,0,0,0,0,1,2,0,0,0,0,3,0,0,0,0,1,1,0,0,1,1,0,0,2,0
Mk 3 Chedak Comlink,0,0,2,0,0,0,0,0,0,1,0,0,1,0,0,0,0,0,1,1,0,0,1,0,0,1,0,2,0,0,0,0,0,0,0,0,0,0,0,1,0,0,0,0,0,0,0,1,0,0,0,0,0,0,0,1,0,0,0,0,0,0,1,1,2,0,0,0,1,0,0,0,0,0,0,0,1,0,0,1,0,0,1,0,0,0,1,0,0,0,0,0,0,0,0,0,0,0,1,0,1,0,0
Mk 7 Loronar Power Cell,1,0,0,0,1,2,2,0,1,2,0,0,0,1,1,0,0,0,0,0,0,1,0,3,1,1,0,0,4,0,3,0,0,0,2,1,1,1,1,0,1,1,0,0,1,0,0,0,0,1,1,1,2,1,0,0,0,0,1,0,0,0,0,0,1,0,1,1,0,0,1,1,0,1,0,0,0,1,1,0,0,2,0,1,0,0,0,2,1,0,1,3,2,0,2,1,0,0,1,1,0,0,0
Mk 11 BlasTech Weapon Mod,0,0,0,0,0,1,0,1,0,0,1,0,1,0,0,0,0,1,0,0,0,1,1,0,1,2,0,1,0,0,1,1,0,1,0,0,0,0,0,0,0,0,0,0,2,1,1,0,1,0,1,0,0,0,0,0,0,2,0,0,1,1,0,0,1,0,0,0,0,0,0,1,0,1,1,0,1,0,0,0,0,0,0,1,0,1,0,1,0,0,0,1,0,1,1,0,0,0,0,1,0,2,1
Mk 3 Athakam Medpac,0,0,0,0,0,2,1,0,0,0,0,1,0,0,0,0,1,2,0,0,0,3,0,0,2,1,0,0,1,0,0,1,0,0,0,1,3,0,0,0,1,0,0,0,2,0,0,0,0,2,0,0,0,2,1,0,0,1,0,0,0,2,0,0,0,0,1,1,1,1,0,2,0,0,0,0,0,0,0,0,0,2,0,2,2,0,0,0,1,0,2,1,1,0,3,2,0,0,0,1,0,0,1
Mk 9 Fabritech Data Pad,1,0,0,3,0,1,1,0,0,1,0,0,1,0,0,1,1,0,1,1,0,0,0,1,0,1,0,0,0,0,0,0,1,0,0,0,0,3,1,0,0,1,0,0,0,0,0,0,0,0,1,1,0,0,0,1,0,0,0,0,0,2,0,0,1,1,0,0,0,0,0,0,1,0,0,1,1,0,0,0,1,0,1,1,0,0,0,1,0,0,0,2,0,0,0,0,0,0,0,2,0,1,1
Mk 1 BlasTech Weapon Mod,0,0,2,0,0,0,0,0,0,1,1,1,3,0,0,1,0,1,1,0,0,2,0,1,2,1,0,1,0,0,1,1,1,1,0,1,0,0,1,0,0,1,2,1,0,1,1,1,0,1,1,3,0,1,0,0,0,1,0,0,0,0,2,0,0,1,0,0,0,1,0,1,1,1,1,1,2,0,0,2,0,0,2,2,0,1,1,0,0,1,0,0,0,1,1,0,2,0,1,1,0,1,1
Mk 3 Merr-Sonn Shield Generator,0,0,0,0,0,1,0,0,0,0,0,0,1,1,0,0,0,0,0,0,0,0,3,1,0,0,0,0,0,1,1,0,0,0,0,2,0,0,0,0,1,0,2,0,0,1,0,0,1,0,0,0,0,0,0,0,0,0,1,0,0,0,0,0,1,0,0,0,0,1,0,0,0,0,0,0,0,2,0,0,1,2,1,0,0,0,0,2,1,0,1,0,0,0,1,0,0,0,0,1,0,0,0
Mk 5 Athakam Medpac,0,1,0,0,0,0,2,0,0,1,0,2,0,1,1,0,0,0,0,1,0,0,0,0,0,1,0,0,1,0,0,0,0,0,2,0,1,1,0,1,0,0,0,0,0,0,0,0,0,0,0,0,1,1,0,0,0,0,1,0,1,0,0,1,1,0,0,1,1,0,0,1,0,0,0,1,1,0,0,1,0,2,0,1,0,0,0,1,3,0,0,0,1,0,0,1,0,0,0,0,1,0,0
Mk 8 BlasTech Weapon Mod,0,0,0,1,1,0,1,2,2,1,1,0,1,1,0,0,0,1,0,0,1,1,1,1,0,0,0,1,0,1,0,0,3,1,1,0,0,1,2,0,1,2,0,3,1,0,0,1,1,0,1,1,0,0,0,0,1,0,0,0,0,0,2,1,0,2,0,0,0,0,0,1,0,0,1,0,0,1,0,2,3,0,1,0,0,0,1,0,0,2,0,2,0,2,0,1,2,1,1,0,1,1,1
Mk 2 Chiewab Hypo Syringe,0,0,0,0,0,1,0,1,0,0,0,0,0,0,0,0,0,1,0,0,0,2,0,0,1,0,0,0,0,0,0,0,0,0,0,0,0,1,0,0,1,0,1,0,0,2,0,0,1,0,0,0,0,0,1,0,0,0,1,0,1,0,0,0,1,0,1,1,0,0,0,0,0,0,1,1,0,0,2,1,0,1,0,0,0,0,0,0,0,0,2,0,0,0,0,0,0,0,0,1,0,0,0
Mk 4 Merr-Sonn Thermal Detonator,1,0,2,0,0,0,1,1,2,0,0,0,0,0,0,0,1,0,0,0,1,1,0,0,0,0,1,3,0,0,1,2,1,1,0,0,0,0,0,1,0,0,0,2,0,1,1,1,0,0,0,1,0,0,0,0,1,0,1,1,1,0,1,0,2,1,1,1,0,1,1,0,0,0,2,1,1,0,0,1,0,0,0,1,0,0,0,0,0,0,0,0,0,0,0,1,1,0,1,0,0,2,0
Mk 3 Fabritech Data Pad,0,1,1,0,0,0,1,0,0,0,0,1,0,0,0,0,1,0,0,0,1,0,1,2,0,1,0,1,0,0,0,0,0,0,0,2,1,1,0,0,0,2,0,0,0,1,0,0,1,0,3,0,0,0,0,0,0,0,0,0,0,1,2,0,1,0,1,1,0,0,0,0,0,2,0,1,1,0,1,0,1,0,0,1,0,0,0,1,0,0,0,2,1,2,2,1,2,0,1,1,0,0,0
Mk 5 Merr-Sonn Thermal Detonator,1,0,0,0,1,1,0,1,0,2,0,0,0,1,0,0,0,1,0,0,0,1,0,0,0,2,0,0,0,0,2,1,0,1,0,0,0,0,0,0,1,0,1,0,1,0,1,1,1,0,0,0,0,0,1,0,0,2,1,0,0,2,1,0,1,0,0,0,0,0,0,0,1,1,1,1,0,0,0,0,0,0,1,1,0,2,0,2,0,0,0,0,0,0,0,0,0,0,0,1,0,2,2
Mk 4 Sienar Holo Projector,1,2,2,1,1,1,1,1,0,1,0,0,0,1,0,1,2,1,2,2,0,1,1,0,1,0,1,1,0,1,0,1,0,0,0,0,0,1,0,0,1,0,1,1,0,0,0,0,1,0,0,0,0,0,0,2,2,0,0,0,0,1,0,0,0,1,1,1,0,1,0,1,2,1,0,2,1,0,0,1,0,0,1,0,0,1,1,0,1,0,2,0,0,2,0,0,1,1,0,1,0,0,1
Mk 1 Sienar Holo Projector,1,2,0,0,0,1,1,1,2,1,0,1,0,2,0,0,1,4,2,0,1,2,0,0,0,1,1,0,1,0,0,0,2,1,0,0,0,0,1,0,1,2,2,0,1,1,1,1,2,1,0,1,1,0,0,0,0,1,0,1,1,1,0,0,1,1,0,0,1,0,1,0,1,2,2,1,1,0,0,3,0,1,0,0,2,0,0,0,0,0,1,2,2,0,0,0,0,1,1,1,1,1,2
Mk 6 Nubian Security Scanner,0,0,0,0,0,0,2,1,0,0,1,0,1,0,0,0,0,0,0,0,1,1,0,1,0,0,0,0,0,0,1,0,0,0,0,3,0,1,1,0,0,1,1,0,0,0,0,0,0,0,0,0,1,0,0,0,0,2,1,0,1,0,0,0,0,0,1,1,1,0,0,0,0,0,0,2,0,2,0,0,1,1,1,0,0,1,0,1,0,0,1,0,0,0,0,0,1,0,0,0,0,0,0
Mk 10 TaggeCo Holo Lens,0,0,0,0,0,0,1,0,1,0,0,2,0,0,2,0,1,0,0,0,0,0,0,0,1,0,0,0,1,0,0,0,0,0,1,1,1,1,1,0,0,1,0,0,0,1,1,0,0,0,0,0,1,0,0,0,0,1,0,0,0,0,0,0,0,1,0,0,2,3,0,0,0,1,1,1,0,0,1,0,0,1,2,0,1,0,0,0,1,0,0,0,0,0,2,0,0,0,2,1,0,0,0
Mk 2 Zaltin Bacta Gel,0,1,0,1,1,0,0,0,0,0,0,0,0,0,0,1,0,0,2,0,0,1,0,1,0,0,2,0,0,3,0,1,0,0,0,0,0,0,1,2,0,0,0,2,0,1,0,0,1,1,2,0,0,1,0,0,0,1,0,1,0,0,0,0,0,0,2,2,0,0,0,0,3,0,0,0,0,0,0,0,0,0,0,0,0,0,2,0,0,0,0,1,0,4,2,0,0,2,1,0,2,0,0
Mk 5 BlasTech Weapon Mod,0,1,1,0,0,0,0,0,0,3,0,0,0,1,1,0,0,1,0,0,0,0,0,2,0,0,0,0,0,0,1,0,1,0,1,3,1,0,0,1,0,1,0,0,1,0,0,1,0,1,0,0,0,0,0,0,0,0,2,0,1,0,1,0,0,0,0,0,1,1,0,2,0,2,0,1,1,0,1,0,0,0,0,2,0,0,0,1,3,0,0,0,0,2,1,0,1,0,0,0,0,0,0
Mk 2 Loronar Power Cell,0,0,0,0,0,2,0,1,0,0,0,1,0,0,0,0,1,0,0,0,1,0,1,0,0,1,0,0,0,0,2,0,0,0,0,2,0,0,0,0,1,0,1,0,2,0,0,0,1,0,0,0,0,0,0,0,0,0,1,1,1,1,0,0,1,1,0,0,0,1,0,1,0,1,0,0,1,0,1,0,1,1,0,0,0,0,0,0,1,1,1,0,0,0,0,0,0,0,1,1,0,0,0
Mk 2 Merr-Sonn Thermal Detonator,1,0,0,0,0,0,0,0,0,1,2,0,0,0,1,0,0,0,1,2,0,0,0,1,1,0,1,0,0,3,0,1,1,0,0,0,0,0,0,0,1,0,2,1,0,1,0,0,0,0,2,0,0,0,0,0,0,0,1,1,0,0,1,1,0,0,0,0,1,0,2,0,4,1,0,1,1,1,0,2,0,0,3,0,0,0,2,0,0,3,0,2,0,3,1,2,1,1,1,0,0,0,1
Mk 3 BlasTech Weapon Mod,0,0,0,0,0,0,0,0,0,1,1,0,1,0,0,0,0,0,1,2,0,0,0,2,0,1,0,1,0,1,0,1,2,0,1,0,0,1,1,1,0,0,0,0,0,1,1,0,1,0,2,1,0,0,1,1,1,0,0,0,1,0,0,0,0,0,1,1,0,1,0,0,2,0,0,1,0,0,0,1,0,0,0,0,1,0,0,0,2,1,1,0,0,1,0,0,1,0,0,0,1,0,0
Mk 4 BlasTech Weapon Mod,1,0,1,1,0,0,1,0,0,0,1,0,0,1,0,0,0,1,0,0,0,1,0,0,0,1,0,0,0,0,1,0,0,1,0,0,0,1,0,1,0,0,0,0,0,0,1,0,1,0,0,0,0,0,0,0,0,0,0,1,0,0,0,0,0,0,0,0,0,2,1,1,1,1,0,0,1,1,0,0,0,0,0,0,0,2,1,0,0,1,0,0,0,0,0,0,0,0,1,1,2,1,0
Mk 4 Nubian Design Tech,1,1,0,1,1,0,2,0,0,0,0,0,0,1,0,0,0,0,0,0,1,2,1,1,2,0,1,0,2,1,1,0,0,0,3,1,2,1,1,0,1,1,1,0,2,1,0,0,0,1,0,1,0,1,0,0,0,0,1,1,0,1,2,1,1,0,0,0,0,0,1,0,0,0,0,3,0,1,0,0,0,1,0,0,3,0,0,2,2,0,3,3,1,0,1,0,0,1,1,0,0,2,0
Mk 3 Sienar Holo Projector,3,3,0,4,0,3,0,2,1,2,1,1,1,1,2,2,1,5,1,2,1,1,2,0,2,0,1,0,2,0,2,0,1,0,1,0,2,1,0,1,0,1,1,0,1,0,0,2,4,0,0,0,3,1,2,0,2,3,0,0,0,0,0,1,0,0,1,1,2,0,3,1,3,1,0,1,0,0,0,0,1,1,2,0,1,0,0,0,1,0,2,1,1,0,0,6,2,2,0,3,1,0,1
Mk 7 BAW Armor Mod,0,1,0,0,1,0,0,0,0,0,0,0,0,0,0,0,0,0,0,0,0,0,0,0,1,0,0,0,1,0,0,0,0,0,1,1,1,0,0,0,0,0,0,0,0,0,0,0,0,2,0,0,0,0,1,0,0,0,0,0,0,0,0,0,2,0,0,0,0,1,0,0,0,0,0,0,0,0,3,0,0,0,0,0,0,0,0,0,0,0,0,0,2,0,1,0,0,0,0,0,0,0,0
Mk 9 BlasTech Weapon Mod,1,0,0,2,0,0,0,0,0,0,0,0,1,0,0,0,0,1,0,0,0,0,0,1,0,0,0,0,0,0,0,0,0,0,0,0,0,0,0,0,1,0,0,0,0,0,1,0,0,0,0,0,0,0,0,0,0,0,1,0,1,0,0,0,1,1,0,0,0,0,1,1,1,0,1,0,0,0,0,1,0,0,0,0,0,1,0,0,0,0,0,0,0,0,0,0,0,0,0,0,0,0,0
Mk 3 Nubian Design Tech,0,1,0,0,0,2,0,0,0,0,0,2,0,0,0,0,1,1,0,1,0,0,2,0,0,1,0,1,0,1,1,1,0,0,0,1,0,0,0,0,2,0,1,0,2,0,2,0,0,0,0,0,0,2,1,0,0,2,1,0,0,0,0,0,0,0,1,1,2,0,0,0,0,0,0,0,0,0,2,0,1,2,1,1,0,0,0,4,2,0,1,0,0,0,1,0,0,0,0,0,0,0,0
Mk 4 Merr-Sonn Shield Generator,0,0,0,0,0,0,0,0,0,0,0,0,0,0,0,0,0,0,0,0,0,0,0,0,0,0,0,0,0,0,1,0,0,0,0,1,0,0,0,0,0,0,0,0,0,0,0,0,0,1,0,0,0,2,0,0,0,0,0,0,0,0,0,0,0,0,0,0,0,1,0,0,0,0,0,0,0,0,0,0,1,1,0,0,1,0,0,0,1,0,0,0,2,0,0,1,0,0,0,0,0,0,0
Mk 5 A/KT Stun Gun,1,0,1,2,0,2,1,2,1,1,1,2,0,2,0,1,1,1,1,1,0,2,0,0,0,2,0,1,2,1,1,0,3,1,1,0,0,0,0,2,2,0,2,0,1,1,3,2,3,1,0,1,3,0,1,2,3,3,1,1,2,3,0,0,2,3,0,0,0,0,0,1,2,2,3,2,2,0,1,1,0,0,0,1,0,2,1,2,1,1,0,2,0,0,0,4,0,0,0,4,2,0,3
Mk 6 Nubian Design Tech,0,1,1,1,1,0,0,0,0,1,2,1,1,0,1,1,2,1,1,1,0,0,1,0,1,0,0,0,0,2,0,0,1,0,1,1,0,1,2,1,0,0,0,1,0,0,1,0,1,3,2,0,0,1,0,1,1,1,0,2,0,0,1,1,0,0,1,1,1,0,0,0,1,0,1,0,1,0,0,0,0,0,0,0,0,0,2,0,1,2,1,1,0,0,0,1,1,0,1,0,1,0,0
Mk 6 Merr-Sonn Thermal Detonator,1,1,2,1,1,1,0,0,0,1,2,1,1,0,1,0,1,1,1,0,1,0,1,1,0,0,0,1,1,0,0,1,2,1,0,2,0,1,0,2,1,0,0,0,2,1,0,2,1,2,0,1,0,0,2,2,0,1,1,2,0,2,0,1,1,2,0,0,0,0,0,2,0,1,0,0,2,0,2,1,1,2,0,1,0,0,1,1,0,2,0,1,0,0,0,2,0,0,0,0,2,1,2
Mk 1 Athakam Medpac,0,0,2,0,0,0,0,0,0,0,0,0,0,0,0,0,0,0,0,0,4,0,1,0,0,0,1,2,0,0,0,0,0,0,0,0,0,0,0,0,0,0,0,2,0,0,0,1,0,0,0,1,0,0,2,1,0,0,1,1,1,0,0,1,0,0,1,1,0,1,0,0,1,1,0,0,0,0,0,0,0,0,0,1,0,1,0,0,0,0,0,0,0,0,0,0,0,1,0,1,0,0,0
Mk 3 CEC Fusion Furnace,0,0,0,0,0,0,0,0,1,0,1,0,0,0,0,0,0,0,1,0,0,0,0,0,0,0,0,1,0,3,0,0,0,0,0,0,0,3,2,0,0,0,0,2,0,0,0,0,0,0,2,0,0,0,0,0,0,0,0,0,0,0,1,1,0,0,0,0,0,0,0,0,1,0,0,0,0,0,0,1,0,0,0,0,0,0,1,0,0,0,0,0,0,2,0,0,0,0,1,0,1,0,0
Mk 6 CEC Fusion Furnace,0,0,0,0,0,0,0,0,0,0,0,0,0,0,1,0,0,0,0,0,0,0,0,0,1,0,0,0,2,0,0,0,0,0,2,0,2,0,0,0,0,0,0,0,0,0,0,0,0,0,0,0,1,2,1,0,0,0,0,0,0,0,0,0,0,0,1,1,0,1,0,0,0,0,0,0,0,0,0,0,0,0,0,0,1,0,0,0,0,0,1,0,2,0,0,1,0,0,0,0,0,0,0
Mk 2 BioTech Implant,0,0,3,0,0,0,0,0,2,0,0,0,1,0,0,0,0,0,1,0,0,0,1,0,0,0,0,1,0,0,0,0,0,0,0,0,0,2,2,0,1,1,0,1,0,0,0,1,0,0,1,0,0,0,0,0,0,0,0,0,0,1,0,0,0,0,1,1,0,0,0,1,0,0,0,0,1,0,0,0,2,0,0,0,0,0,1,0,0,1,0,1,0,0,0,0,1,0,1,0,2,0,0
Mk 1 Loronar Power Cell,1,0,3,0,3,0,0,0,2,1,0,0,0,1,0,1,0,0,1,1,3,0,2,1,0,0,2,2,0,1,0,0,1,0,0,0,0,1,0,2,0,1,0,2,0,1,1,3,0,0,1,2,0,0,0,0,1,0,0,0,0,0,0,2,0,0,0,0,0,1,1,0,1,0,0,0,0,1,0,2,2,0,1,0,0,0,2,0,0,1,0,1,0,2,0,1,1,2,1,0,2,0,0
Mk 6 Fabritech Data Pad,1,0,2,1,0,0,1,0,1,0,0,0,0,0,0,1,0,0,0,0,0,0,1,0,1,0,1,1,0,0,0,2,0,1,0,0,0,0,0,0,2,1,0,0,2,0,0,3,0,0,0,0,0,0,0,0,2,0,1,0,0,0,2,2,0,2,0,0,2,0,1,1,0,0,0,0,1,1,0,1,0,0,2,0,0,0,2,0,0,0,0,3,0,1,0,1,0,1,1,0,1,0,0
Mk 2 Czerka Stun Cuffs,0,0,0,1,1,0,0,0,0,1,1,0,0,0,1,0,0,0,1,1,0,1,0,0,0,0,1,0,0,1,0,0,0,0,0,0,0,1,2,1,0,1,0,0,0,0,1,0,0,0,2,1,0,0,1,1,1,0,0,1,0,0,1,2,1,1,1,1,0,0,0,0,0,1,0,1,1,1,0,1,1,0,1,1,0,0,1,0,0,0,0,1,0,2,0,0,1,1,3,0,0,1,0
Mk 2 BAW Armor Mod,0,1,0,0,1,0,0,0,0,0,0,1,0,0,1,0,0,0,0,0,0,0,0,0,1,0,0,0,1,0,1,2,0,0,1,4,1,0,0,0,0,0,0,0,0,0,0,0,0,1,0,0,0,1,1,1,0,0,0,0,0,0,0,0,0,0,1,1,0,1,0,0,0,0,0,0,0,1,1,0,0,2,0,0,2,0,0,0,2,0,2,0,1,0,1,1,0,0,0,0,0,0,0
Mk 1 A/KT Stun Gun,0,1,0,0,0,0,0,1,1,2,1,1,1,1,1,1,0,0,1,0,0,0,1,0,1,0,0,0,1,0,0,0,2,1,2,0,2,0,0,1,1,0,0,0,1,2,1,0,0,0,0,0,0,0,2,2,0,0,0,2,1,0,2,0,1,1,0,0,2,0,0,2,0,1,1,0,1,1,0,0,0,1,1,2,0,0,0,0,1,0,0,0,0,0,0,0,1,0,0,0,0,0,1
Mk 1 BAW Armor Mod,0,1,2,1,2,1,2,0,2,0,0,1,0,1,1,2,1,0,1,0,1,1,0,1,0,1,0,0,0,0,1,1,0,1,0,1,0,0,0,0,1,0,0,0,1,1,0,1,0,0,1,0,1,1,0,0,1,0,2,0,2,1,0,0,1,0,1,1,0,1,0,1,0,0,0,0,0,0,2,1,0,1,1,0,2,1,0,2,1,1,1,1,2,0,0,1,0,0,1,1,1,1,0
Mk 4 Chiewab Hypo Syringe,1,0,0,0,0,0,0,0,0,0,0,1,2,0,0,1,2,2,0,0,0,0,1,0,0,0,0,2,0,0,1,2,1,1,1,0,0,1,0,0,0,2,0,0,0,0,0,1,0,2,0,0,0,0,0,1,1,0,0,1,1,1,1,1,0,0,0,0,1,1,1,1,1,0,0,1,1,0,0,2,0,0,0,1,0,0,1,0,0,0,0,0,0,1,1,0,0,1,1,1,0,1,0
Mk 4 Fabritech Data Pad,1,0,0,1,0,0,5,3,1,2,1,0,1,1,1,0,0,2,2,1,1,0,0,0,1,1,0,0,0,0,1,0,3,2,0,0,0,0,0,2,1,0,2,0,2,2,1,0,3,1,0,0,3,0,0,0,0,0,1,1,1,1,2,0,1,1,0,0,0,1,1,1,1,2,3,2,3,1,0,1,0,0,1,0,0,3,0,1,0,1,0,0,0,0,0,0,1,0,0,3,1,3,1
Mk 5 Nubian Design Tech,1,1,0,0,1,0,0,0,0,1,0,0,0,0,0,0,0,0,0,0,0,0,0,0,1,0,0,0,0,1,0,1,0,0,1,0,1,1,0,0,0,1,0,0,0,0,0,0,0,0,0,0,1,1,1,0,0,0,0,0,0,0,0,0,0,0,1,1,0,1,1,0,0,0,0,0,0,0,2,0,0,1,0,1,2,0,0,0,2,0,1,0,1,0,0,1,0,0,1,0,0,0,0
Mk 7 Neuro-Saav Electrobinoculars,0,0,0,0,1,0,0,0,0,0,0,0,0,0,1,4,1,0,0,0,0,0,0,1,1,0,1,0,2,0,0,0,0,0,1,0,4,0,0,0,0,0,0,0,0,0,0,0,0,0,0,0,1,3,1,0,0,0,2,0,1,0,2,1,0,0,1,1,0,1,0,0,0,1,0,1,0,0,5,0,0,1,0,1,1,0,0,0,0,0,2,0,1,0,4,0,0,1,0,0,0,0,0
Mk 9 Neuro-Saav Electrobinoculars,0,0,0,0,0,0,0,0,0,0,2,0,0,1,0,0,0,0,0,0,1,0,0,0,0,0,0,0,0,0,0,0,1,2,0,0,0,0,1,0,0,0,0,0,1,1,0,1,0,0,0,1,1,0,1,1,0,0,0,2,0,0,0,0,0,0,0,0,1,0,0,1,0,2,0,0,1,0,0,0,1,0,0,0,1,1,1,0,0,2,0,0,0,0,0,0,0,0,0,1,0,0,0
MK 8 Neuro-Saav Electrobinoculars,0,0,0,0,1,0,0,0,0,0,0,0,0,0,0,0,0,0,0,0,0,0,0,0,1,0,0,0,0,0,0,1,0,0,2,0,1,0,0,0,0,0,0,0,0,0,0,0,0,1,0,0,0,0,0,0,0,0,0,0,0,0,0,0,0,0,1,1,0,0,0,0,0,0,0,0,0,0,0,0,0,0,0,0,2,0,0,1,0,0,0,0,1,0,0,0,0,0,0,0,0,0,0
Mk 2 SoroSuub Keypad,1,1,0,1,0,1,1,2,0,1,0,1,0,1,0,0,0,0,0,0,1,0,0,0,0,1,0,0,0,1,2,0,0,0,0,1,0,1,0,1,0,1,1,0,0,1,1,0,0,0,1,0,1,0,0,0,0,0,0,1,0,0,0,0,0,1,0,0,0,0,1,0,0,0,1,0,0,0,2,1,0,0,0,1,0,0,0,2,0,1,1,0,0,0,1,0,1,0,1,1,0,0,0
Mk 5 Nubian Security Scanner,1,0,1,0,0,0,0,0,0,0,0,0,0,0,0,0,0,0,0,2,0,0,0,0,0,1,0,1,0,0,0,0,0,0,0,0,0,0,0,0,2,0,0,0,0,0,2,0,0,0,0,0,0,0,0,0,0,0,0,0,0,0,0,0,1,0,0,0,0,0,1,0,0,0,2,0,0,0,0,1,0,0,0,0,0,0,0,2,0,0,0,1,0,0,0,0,0,0,0,0,1,0,0
Mk 1 SoroSuub Keypad,0,0,0,0,0,0,0,0,1,0,0,0,1,0,0,1,0,0,0,0,1,0,0,1,0,0,2,0,0,0,0,0,0,0,0,0,0,0,3,1,1,1,0,2,0,0,0,0,0,0,0,0,0,0,0,0,0,0,0,0,0,0,1,2,0,0,0,0,0,0,0,0,0,0,0,0,0,0,0,0,1,0,0,0,0,0,2,0,0,0,0,1,0,0,0,0,2,2,0,0,0,0,0
Mk 3 Zaltin Bacta Gel,0,0,0,0,0,0,1,1,2,1,0,1,0,1,1,0,0,0,0,0,1,0,0,0,0,0,1,0,0,0,0,0,1,1,1,0,0,1,2,0,0,1,0,0,0,1,2,0,0,0,1,2,1,1,0,0,0,0,0,1,0,0,1,0,0,0,0,0,2,0,1,0,1,1,2,0,0,1,0,0,1,0,1,0,1,0,0,1,0,1,0,0,0,0,1,0,0,0,1,1,0,0,0
Mk 5 Chiewab Hypo Syringe,1,0,1,0,0,0,0,0,1,1,0,0,0,0,0,0,1,0,0,0,0,1,1,0,0,0,1,1,0,1,0,1,0,0,0,0,0,0,0,1,0,0,1,1,0,0,0,2,0,0,0,0,0,0,1,1,3,0,1,1,0,1,1,0,0,1,0,0,0,0,2,2,0,0,0,0,0,1,0,1,0,0,1,0,0,0,0,0,0,0,0,0,0,0,0,0,2,1,0,0,1,0,0
Mk 8 BAW Armor Mod,0,1,0,0,0,0,0,0,0,0,0,0,0,0,0,0,0,0,0,0,0,0,0,0,0,0,0,0,1,0,0,0,0,0,1,1,2,0,0,0,0,0,0,0,0,0,0,0,0,0,0,0,0,1,2,1,0,0,0,0,0,0,0,0,0,0,0,0,0,0,0,0,0,0,0,0,0,0,2,0,0,1,0,0,1,0,0,0,0,0,1,0,0,0,1,0,0,0,0,0,0,0,0
Mk 5 Arakyd Droid Caller,0,2,0,0,0,2,1,2,0,0,1,1,0,0,1,0,1,1,1,0,0,0,0,0,1,1,0,0,2,0,1,0,1,1,1,2,1,0,0,1,1,0,1,0,2,1,0,0,1,0,0,0,3,0,1,0,0,1,0,0,1,0,0,0,0,0,1,1,1,1,0,1,1,2,0,0,0,0,2,0,0,2,1,1,1,1,0,1,1,1,2,1,1,0,1,1,0,0,0,1,1,1,2
Mk 3 BioTech Implant,0,1,0,0,0,2,0,2,0,1,0,1,0,0,0,1,0,0,1,0,0,0,0,0,1,0,0,0,1,0,0,0,2,0,1,0,0,1,0,1,1,0,0,0,1,1,1,0,1,0,0,0,0,0,1,0,1,2,0,0,0,0,0,0,0,1,1,1,2,1,0,1,1,0,2,1,0,0,1,0,1,1,0,0,1,1,0,1,0,0,1,0,1,0,0,0,0,0,0,0,1,0,1
Mk 1 Nubian Security Scanner,1,0,0,0,0,1,2,2,0,1,0,0,0,2,0,0,0,2,1,0,0,1,0,0,0,1,1,0,2,0,2,0,2,2,0,0,0,0,0,1,3,0,0,1,1,1,1,0,3,0,0,0,1,0,0,0,1,0,2,0,0,2,0,0,2,1,0,0,0,0,1,1,1,2,1,3,2,0,0,0,0,0,1,0,0,3,0,2,0,2,1,0,0,0,0,0,0,1,0,2,0,2,1
Mk 3 Arakyd Droid Caller,0,0,0,3,1,0,0,0,1,0,1,0,3,0,1,0,0,0,0,2,1,0,1,2,0,0,2,0,0,3,0,0,0,0,0,0,0,2,3,2,0,3,0,2,0,0,0,1,0,0,1,1,0,0,0,0,0,0,0,0,0,0,2,2,0,0,0,0,0,0,0,0,1,0,1,0,0,1,0,2,2,0,0,1,0,0,1,0,0,1,0,2,0,1,0,0,4,2,1,0,1,0,0
Mk 5 Merr-Sonn Shield Generator,0,0,0,1,0,0,3,0,0,0,0,0,0,1,0,0,0,3,0,0,0,0,0,0,0,1,2,0,0,0,1,0,0,0,0,1,0,1,0,0,2,1,1,1,0,0,0,1,0,0,0,0,0,0,1,1,0,0,2,0,3,1,1,0,0,0,1,1,0,1,0,0,0,0,0,0,1,0,0,1,0,0,0,1,1,0,0,0,0,0,0,1,3,0,0,1,0,2,0,1,0,2,2
Mk 5 Loronar Power Cell,0,2,0,0,1,0,0,0,0,0,0,1,0,0,1,0,1,0,0,2,0,0,0,0,0,0,0,0,1,0,0,2,0,0,3,1,1,0,0,0,0,0,0,0,0,0,0,0,0,1,0,0,3,3,2,1,0,1,0,0,0,0,0,0,0,0,1,1,2,1,0,0,0,0,0,0,0,0,2,0,0,1,0,0,2,0,0,0,1,0,2,0,2,0,1,0,0,0,0,0,0,0,0
Mk 2 CEC Fusion Furnace,0,0,4,0,2,0,0,0,0,0,0,0,0,0,0,0,0,0,0,0,0,0,0,0,0,0,0,2,0,0,0,1,0,1,0,0,0,0,0,0,0,0,0,2,0,0,0,0,0,0,0,1,0,0,0,0,2,0,1,0,0,0,1,1,0,1,0,0,0,0,0,1,0,0,1,0,0,0,0,1,0,0,0,0,0,0,1,0,0,0,0,0,0,0,0,0,0,0,0,0,0,0,0
Mk 5 Neuro-Saav Electrobinoculars,0,0,0,3,1,1,0,0,0,0,1,0,0,0,0,0,2,0,0,0,0,0,1,0,1,0,1,1,0,0,0,0,0,1,0,0,0,0,0,0,1,0,0,2,0,1,1,0,0,0,0,2,0,0,0,0,0,0,1,1,0,1,1,0,3,0,1,1,0,0,0,0,1,2,0,0,0,0,0,1,1,0,0,2,0,0,0,0,0,0,0,0,0,1,0,0,0,1,0,0,0,0,0
Mk 7 Fabritech Data Pad,1,0,0,0,1,1,0,3,1,2,3,0,1,1,3,0,0,0,0,1,1,1,1,4,0,0,0,0,0,0,1,1,2,0,0,1,1,0,0,2,0,1,0,0,2,2,1,1,0,0,0,1,0,0,0,2,0,1,0,0,1,1,1,0,1,1,2,2,0,1,1,3,0,1,1,1,1,2,0,1,0,1,0,0,0,2,1,0,1,1,0,0,0,1,2,0,2,0,0,1,1,0,1
Mk 7 Merr-Sonn Shield Generator,0,0,1,1,1,1,0,1,0,1,1,1,1,0,0,3,1,1,0,2,1,0,2,1,0,1,0,0,0,1,2,1,1,0,0,0,1,1,0,1,1,1,1,1,0,1,0,2,1,2,0,1,2,0,1,1,0,1,1,2,1,1,0,1,1,0,1,1,1,1,0,1,0,0,0,1,1,0,2,0,1,0,1,1,0,0,1,0,1,2,0,1,1,1,0,2,1,1,0,0,1,1,0
Mk 3 BAW Armor Mod,0,0,0,2,1,0,0,1,0,1,0,0,0,2,1,0,0,0,1,0,0,0,1,0,1,0,1,1,2,0,0,0,0,0,2,0,0,0,1,1,0,0,0,0,1,1,1,0,0,0,0,0,1,0,1,0,0,0,0,0,1,0,0,0,0,1,0,0,2,0,0,0,0,1,1,0,0,0,0,0,0,0,0,2,0,1,0,0,0,1,0,0,0,0,0,1,0,1,0,0,0,0,2
Mk 2 Arakyd Droid Caller,1,0,0,0,0,0,0,0,0,0,0,0,0,0,2,1,0,0,0,0,0,0,0,1,0,0,0,0,1,0,0,0,0,0,0,1,1,0,0,0,0,0,0,0,0,0,0,0,0,0,0,0,0,2,0,0,0,0,1,1,0,0,0,0,2,0,0,0,0,0,1,0,0,0,0,0,0,0,1,0,0,1,0,0,2,0,0,0,0,0,0,0,1,0,1,0,0,0,0,0,0,0,0
Mk 1 Zaltin Bacta Gel,1,1,0,0,1,0,2,0,0,0,0,0,0,1,1,1,0,3,0,0,0,0,0,0,1,1,0,0,1,0,1,0,0,0,0,1,1,0,0,0,1,0,0,0,1,0,0,0,1,1,0,0,1,1,0,0,0,1,0,0,0,1,0,0,1,0,0,0,2,0,1,0,1,2,0,0,0,0,1,0,0,1,0,0,2,0,0,0,2,0,1,1,0,0,2,1,0,0,0,1,0,1,2
Mk 6 Loronar Power Cell,0,1,0,0,1,1,3,1,1,0,1,0,0,0,0,0,0,2,0,1,1,0,0,0,0,5,1,0,0,2,0,1,0,1,0,0,0,0,0,0,2,0,2,0,2,0,2,0,0,0,1,0,0,0,0,0,0,1,0,0,1,1,0,0,1,0,0,0,0,2,0,1,0,0,1,0,0,0,1,0,1,1,0,0,0,0,0,4,0,0,2,3,0,0,0,0,1,1,1,0,0,0,0
Mk 4 Neuro-Saav Electrobinoculars,0,0,0,0,0,0,0,0,0,0,1,0,1,0,0,1,0,0,0,0,1,0,0,0,0,1,0,0,0,0,0,0,0,0,0,0,0,1,2,0,0,1,1,0,0,0,1,0,0,0,1,0,0,0,0,0,0,0,0,0,1,0,0,0,0,1,0,0,0,2,0,0,0,0,1,0,0,1,0,0,0,1,1,1,2,0,1,0,0,0,0,0,0,0,0,0,0,0,0,0,0,0,0
Mk 10 Neuro-Saav Electrobinoculars,0,0,0,0,0,1,0,0,0,1,0,2,0,0,0,0,1,0,0,0,1,1,0,1,0,1,0,0,0,0,0,0,0,0,0,0,0,0,0,0,0,2,0,0,2,0,0,0,1,0,0,1,0,0,0,0,0,1,0,0,1,0,0,0,0,0,1,1,1,0,0,2,0,0,0,0,0,0,0,0,0,0,0,0,0,0,0,0,0,0,0,0,0,0,0,0,0,0,0,0,0,0,1
Mk 4 Nubian Security Scanner,2,0,2,0,0,1,0,0,0,0,1,0,2,0,1,0,1,0,2,0,0,0,0,0,0,0,2,2,0,0,0,2,1,0,0,0,0,0,0,0,0,0,1,1,0,1,0,0,0,0,0,2,0,0,0,1,2,0,0,0,0,0,1,2,1,2,0,0,0,0,3,0,0,0,0,0,1,1,0,1,0,0,1,0,0,0,1,0,0,1,0,0,0,0,0,0,1,2,0,0,0,0,0
Mk 3 Loronar Power Cell,0,0,0,1,0,0,0,0,0,0,1,0,1,0,0,1,0,0,1,0,0,1,0,0,0,0,0,2,0,0,0,1,1,1,0,0,0,0,0,0,0,0,0,3,0,0,0,1,0,0,1,2,0,0,0,0,1,0,0,0,0,0,1,0,0,1,0,0,1,0,0,0,0,0,0,0,0,0,0,1,0,0,0,1,0,1,2,0,0,0,0,0,0,0,0,0,0,0,0,1,0,1,0
Mk 1 Merr-Sonn Thermal Detonator,0,1,0,0,1,2,3,1,1,1,2,1,0,1,0,0,1,6,0,0,1,0,0,0,1,5,0,0,1,0,0,0,0,3,0,0,0,2,1,0,1,1,4,1,1,0,0,2,0,0,2,0,1,0,0,0,0,0,1,1,0,1,0,0,0,0,0,0,0,0,0,1,0,0,0,1,0,1,0,0,1,2,2,1,0,0,0,2,0,0,2,0,0,0,0,1,0,0,0,3,0,0,4
Mk 1 CEC Fusion Furnace,1,1,0,3,0,0,0,0,0,0,2,0,0,0,2,0,0,0,0,2,1,1,0,1,0,0,0,1,0,2,0,0,0,0,1,0,0,1,0,1,0,1,0,0,0,0,1,1,0,0,0,0,1,1,0,0,1,1,0,1,0,0,0,2,0,1,1,1,0,0,1,0,0,0,0,2,1,1,0,0,2,0,0,0,0,0,1,0,1,0,1,1,0,1,1,1,0,0,2,1,2,1,0
Mk 3 Neuro-Saav Electrobinoculars,0,0,0,0,2,0,1,0,0,0,0,0,0,0,2,0,0,0,0,0,0,0,0,0,1,0,0,0,4,0,0,0,0,0,2,0,3,0,0,0,1,0,0,0,0,0,0,0,0,0,0,0,0,2,0,0,0,0,1,0,0,0,0,0,0,0,0,0,0,0,0,0,0,1,0,0,0,1,1,0,0,0,0,0,2,0,0,0,1,0,1,2,2,0,0,0,0,0,0,0,0,0,0
Mk 2 Neuro-Saav Electrobinoculars,1,0,0,0,0,0,0,0,0,1,1,1,0,0,0,0,0,1,1,0,0,0,0,0,1,0,1,0,0,2,0,0,0,0,0,1,0,0,0,0,0,0,1,0,0,0,0,0,0,0,1,0,0,0,1,1,1,0,1,1,0,0,0,2,0,0,1,1,0,1,1,0,2,0,0,1,0,1,0,0,1,0,0,0,0,1,0,0,2,1,0,0,1,1,1,3,1,1,0,0,1,0,0
